Sido,Gungu,Dong,ComplexName,Trade Type,Building Name,Floor Info,Price (Numeric),Area,Owner,Desc,RegDate,Tag,Direction,PPA
경기도,화성시,비봉면,만석(주상복합),매매,1동,중/10,220000000,100.81,DOC, 가성비 좋은 올수리되어 있는 아파트 ,25.02.25,"['25년이내', '올수리', '방세개', '화장실두개']",남향,7214291.2409483185
경기도,화성시,비봉면,스타캐슬(주상복합),매매,102동,8/14,230000000,91.68,DOC,급매 가성비 좋은 2억대 아파트 ,25.02.25,"['10년이내', '급매', '화장실두개', '방세개']",남동향,8293308.791448517
경기도,화성시,비봉면,스타캐슬(주상복합),매매,102동,고/14,250000000,91.68,NDOC1,"집상태 양호 비봉시내 마트,행정복지센터인근 위치좋음 방3 화장실2",25.02.21,"['10년이내', '방세개', '화장실두개', '고층']",서향,9014466.077661432
경기도,화성시,비봉면,스타캐슬(주상복합),매매,101동,저/13,250000000,91.68,NDOC1,비봉 중심지 주상복합,25.02.13,"['10년이내', '방세개', '화장실두개', '세대당1대']",남동향,9014466.077661432
경기도,화성시,비봉면,스타캐슬(주상복합),매매,102동,중/14,225000000,91.68,DOC,"비봉시내 아파트,급매,남향,위치좋음,방3,화장실2개,주변인프라 좋음",25.02.20,"['10년이내', '급매', '방세개', '화장실두개']",남향,8113019.469895287
경기도,화성시,비봉면,스타캐슬(주상복합),매매,101동,저/13,240000000,91.68,DOC,6월입주 가능.급매 깨끗하고 살기좋은 단지,25.02.14,"['10년이내', '급매', '방세개', '화장실두개']",남동향,8653887.434554974
경기도,화성시,비봉면,스타캐슬2차(주상복합),매매,201동,10/14,285000000,100.04,NDOC1,빠른 입주가능 전망좋음 농협하나로 마트 도보1분  비봉ic 차량5분거리,25.02.18,"['10년이내', '화장실두개', '방세개', '고층']",북향,9417720.161935227
경기도,화성시,비봉면,스타캐슬2차(주상복합),매매,202동,9/14,260000000,89.87,OWNER,전세가격으로 내집마련 해잘들어요,25.03.01,"['10년이내', '방세개', '화장실두개', '중층']",남향,9563860.02002893
경기도,화성시,비봉면,스타캐슬2차(주상복합),매매,202동,10/14,270000000,89.87,DOC,편의시설 이용 가까운 비봉중심지 인근 아파트,25.02.18,"['10년이내', '방세개', '화장실두개', '고층']",남향,9931700.790030044
경기도,화성시,비봉면,스타캐슬2차(주상복합),매매,201동,저/14,240000000,89.87,DOC,집상태 양호하고 전망좋음,25.02.24,"['10년이내', '방세개', '화장실두개', '세대당1대']",남향,8828178.480026705
경기도,화성시,비봉면,예미지센트럴에듀,월세,107동,23/25,"5,000/95",111.32,NDOC1,당근 시에4 단기가능 중문 고급형 천정 간접조명 추천ss,25.02.28,"['2년이내', '융자금없는', '방세개', '화장실두개']",남동향,
경기도,화성시,비봉면,예미지센트럴에듀,월세,102동,9/22,"5,000/135",111.32,NDOC1,당근 예미지 84타입 전면동 영구 조망 뷰 좋은 매물,25.02.28,"['2년이내', '방세개', '화장실두개', '중층']",남동향,
경기도,화성시,비봉면,예미지센트럴에듀,월세,101동,20/25,"3,000/110",111.32,NDOC1,당근 초품아 방4개 에어컨4개 피트니스센터있는동,25.02.27,"['2년이내', '방세개', '화장실두개', '고층']",남향,
경기도,화성시,비봉면,예미지센트럴에듀,월세,103동,13/25,"3,000/100",111.32,NDOC1,틔여 있는 조망권 풀옶션 전세,25.02.20,"['2년이내', '방세개', '화장실두개', '중층']",남동향,
경기도,화성시,비봉면,예미지센트럴에듀,전세,105동,12/20,250000000,111.32,NDOC1,시스템에어컨5대 1층전세,25.02.20,"['2년이내', '방세개', '화장실두개', '중층']",남동향,7424059.019044198
경기도,화성시,비봉면,예미지센트럴에듀,월세,105동,12/20,"5,000/100",111.32,NDOC1,시스템에어컨5대 1층월세,25.02.20,"['2년이내', '방세개', '화장실두개', '중층']",남동향,
경기도,화성시,비봉면,예미지센트럴에듀,월세,108동,17/25,"5,000/100",111.32,NDOC1,"신축 첫입주,에컨4대, 넓은드레스룸,개방감 좋은 단지뷰,초등학교바로",25.02.19,"['2년이내', '방세개', '화장실두개', '고층']",남향,
경기도,화성시,비봉면,예미지센트럴에듀,전세,108동,11/25,250000000,111.32,NDOC1,당근 안정감 있는 광장뷰 시에 4대 11자형드레스룸 현관중문 추천,25.02.18,"['2년이내', '방세개', '화장실두개', '중층']",남동향,7424059.019044198
경기도,화성시,비봉면,예미지센트럴에듀,월세,108동,8/25,"5,000/120",111.32,DOC,"신축의 깨끗함, 편안한 단지 중앙광장 조망, 시스템에어컨5대, 인덕션",25.02.28,"['2년이내', '방세개', '화장실두개', '세대당1대']",남동향,
경기도,화성시,비봉면,예미지센트럴에듀,월세,102동,20/22,"5,000/100",111.32,DOC,"신축 첫입주,초품아,산조망으로 시원함이 배가되는 뷰, 시스템 에어컨4대",25.02.28,"['2년이내', '방세개', '화장실두개', '고층']",남동향,
경기도,화성시,비봉면,예미지센트럴에듀,매매,107동,저/25,430000000,111.32,NDOC1,,25.02.24,"['2년이내', '방세개', '화장실두개', '세대당1대']",남동향,12769381.51275602
경기도,화성시,비봉면,예미지센트럴에듀,전세,103동,19/25,290000000,111.32,NDOC1,뻥뷰 에4대 주방옵션 주방엔지니어드 ,25.02.18,"['2년이내', '방세개', '화장실두개', '고층']",남향,8611908.462091269
경기도,화성시,비봉면,예미지센트럴에듀,전세,101동,25/25,270000000,111.32,NDOC1,"뷰 맛집, 청연초 초 인접, 시스템 에어컨4대, 활용도 높은 방4개 구조",25.02.14,"['2년이내', '탑층', '방세개', '화장실두개']",남동향,8017983.740567734
경기도,화성시,비봉면,예미지센트럴에듀,매매,102동,20/22,438000000,111.32,DOC,등기후매매 방4개구조 에어컨 4대 센서형 절수페달,25.02.24,"['2년이내', '방네개이상', '화장실두개', '고층']",남향,13006951.401365435
경기도,화성시,비봉면,예미지센트럴에듀,매매,107동,3/25,425000000,111.32,NDOC1,당근 풀옵션 등기완료 후 매매물건,25.02.13,"['2년이내', '방세개', '화장실두개', '세대당1대']",남동향,12620900.332375137
경기도,화성시,비봉면,예미지센트럴에듀,전세,107동,22/25,250000000,111.32,NDOC1,"고층뷰전세,고급천정조명,주방엔지니어스톤 등",25.02.12,"['2년이내', '융자금없는', '방세개', '화장실두개']",남향,7424059.019044198
경기도,화성시,비봉면,예미지센트럴에듀,월세,108동,10/25,"3,000/120",111.32,DOC,"시원한 뷰, 중앙광장이 한눈에 보이는 뷰, 초품아",25.02.22,"['2년이내', '방세개', '화장실두개', '중층']",남동향,
경기도,화성시,비봉면,예미지센트럴에듀,전세,101동,저/25,250000000,111.32,DOC,"청연초 초 인접, 안정감 있는 시원한 눈 높이 조망, 시스템 에어컨4대",25.02.28,"['2년이내', '방세개', '화장실두개', '세대당1대']",남동향,7424059.019044198
경기도,화성시,비봉면,예미지센트럴에듀,전세,108동,4/25,230000000,111.32,DOC,방4 에어컨4대 현관중문후시공 드레스룸완비 조용한단지뷰 뒷공원뷰좋아요,25.02.21,"['2년이내', '방세개', '화장실두개', '세대당1대']",남동향,6830134.297520662
경기도,화성시,비봉면,예미지센트럴에듀,월세,103동,17/25,"5,000/110",111.32,DOC,방2 거실확장형 주방옵션 에어컨4대 드레스룸시공 제습기 현관중문,25.02.21,"['2년이내', '방세개', '화장실두개', '고층']",남동향,
경기도,화성시,비봉면,예미지센트럴에듀,매매,103동,13/25,474000000,111.32,DOC,"햇살도 일품 시원하게 트인 일품 조망, 풀에어컨, 옵션 다양, 초품아",25.02.20,"['2년이내', '방세개', '화장실두개', '중층']",남동향,14076015.9001078
경기도,화성시,비봉면,예미지센트럴에듀,월세,107동,7/25,"5,000/100",111.32,NDOC1,"84,시스템에어컨4대,인덕션,예미지단지뷰",25.02.07,"['2년이내', '방세개', '화장실두개', '세대당1대']",남향,
경기도,화성시,비봉면,예미지센트럴에듀,매매,108동,6/25,460000000,111.32,DOC,"등기후매매 완전풀옵션가전 포함  줄눈,탄성코트 완료",25.02.17,"['2년이내', '방세개', '화장실두개', '세대당1대']",남향,13660268.595041323
경기도,화성시,비봉면,예미지센트럴에듀,전세,107동,중/25,300000000,111.32,DOC,"에어컨4대,안방드레스룸,천정조명,스마트샤워기,주방엔지니어드스톤,풀옵션",25.02.24,"['2년이내', '융자금없는', '방세개', '화장실두개']",남향,8908870.822853036
경기도,화성시,비봉면,예미지센트럴에듀,전세,102동,17/22,270000000,111.32,NDOC1,풀옵션 시스템에어컨 4대 주방팬트리 안방드레스룸 주방옵션 인덕션 오븐등,25.02.05,"['2년이내', '융자금없는', '방세개', '화장실두개']",남향,8017983.740567734
경기도,화성시,비봉면,예미지센트럴에듀,매매,108동,25/25,435000000,111.32,DOC,등기후매매 시스템에어컨 4대 방4 고층 개방감 채광 좋은 집,25.02.15,"['2년이내', '탑층', '방네개이상', '화장실두개']",남향,12917862.693136904
경기도,화성시,비봉면,예미지센트럴에듀,전세,103동,6/25,230000000,111.32,DOC,,25.02.15,"['2년이내', '방세개', '화장실두개', '세대당1대']",남향,6830134.297520662
경기도,화성시,비봉면,예미지센트럴에듀,전세,107동,중/25,220000000,111.32,DOC,"판상형,발코니확장,에어컨4대,현관팬트리,인덕션,신축,첫입주",25.02.20,"['2년이내', '융자금없는', '확장형', '방세개']",남동향,6533171.9367588945
경기도,화성시,비봉면,예미지센트럴에듀,전세,103동,23/25,250000000,111.32,NDOC1,풀옵션 초품아 뻥뷰,25.02.03,"['2년이내', '방세개', '화장실두개', '고층']",남향,7424059.019044198
경기도,화성시,비봉면,예미지센트럴에듀,월세,102동,5/22,"3,000/120",111.32,DOC,탁트인조망 채광굿 인기있는 동라인 방4 에어컨2대 비데 부부욕실,25.02.12,"['2년이내', '방네개이상', '화장실두개', '세대당1대']",남동향,
경기도,화성시,비봉면,예미지센트럴에듀,전세,107동,23/25,250000000,111.32,NDOC1,"84,에어컨4,탄성,줄눈시공,고층햇빛뷰,넓은동간거리",25.02.01,"['2년이내', '융자금없는', '방네개이상', '화장실두개']",남향,7424059.019044198
경기도,화성시,비봉면,예미지센트럴에듀,전세,102동,19/22,230000000,111.32,DOC,하루종일 채광좋은 뻥뷰 방4 에어컨4대 시공해줌,25.02.11,"['2년이내', '방세개', '화장실두개', '고층']",남동향,6830134.297520662
경기도,화성시,비봉면,예미지센트럴에듀,월세,101동,21/25,"3,000/120",111.32,DOC,월세 반전세 모두가능 시스템에어컨4대 거실뷰짱 채광짱,25.02.11,"['2년이내', '방세개', '화장실두개', '고층']",남향,
경기도,화성시,비봉면,예미지센트럴에듀,매매,107동,저/25,410000000,111.32,DOC,,25.02.12,"['2년이내', '방세개', '화장실두개', '세대당1대']",남동향,12175456.791232483
경기도,화성시,비봉면,예미지센트럴에듀,매매,107동,중/25,430000000,111.32,DOC,단지뷰 시에4 발코니확장 펜트리 매매물건,25.02.10,"['2년이내', '확장형', '방세개', '화장실두개']",남동향,12769381.51275602
경기도,화성시,비봉면,예미지센트럴에듀,월세,103동,13/25,"3,000/110",111.32,NONE,84.개방감좋은트인뷰.남향.풀옵션.신축.첫입주.시에4.중문.드레스룸,25.02.04,"['2년이내', '방세개', '화장실두개', '중층']",남향,
경기도,화성시,비봉면,예미지센트럴에듀,전세,107동,7/25,230000000,101.1,NDOC1,"아이키우기 좋은 동, 시스템 에어컨4대,스마트 샤워기설치,작은방 확장형",25.02.28,"['2년이내', '방세개', '화장실두개', '세대당1대']",남동향,7520579.129574679
경기도,화성시,비봉면,예미지센트럴에듀,전세,110동,20/25,230000000,101.1,NDOC1,"청연초인접,따듯한 남서향 고층뷰,풀옵션세대",25.02.21,"['2년이내', '융자금없는', '방세개', '화장실두개']",남향,7520579.129574679
경기도,화성시,비봉면,예미지센트럴에듀,매매,109동,고/25,370420000,101.1,NDOC1,"4월20일부터전매, 방4, 청연초 인접동, 초품아단지",25.02.27,"['2년이내', '방네개이상', '화장실두개', '고층']",남향,12112056.179030664
경기도,화성시,비봉면,예미지센트럴에듀,월세,110동,21/25,"3,000/105",101.1,DOC,방4 조망굿 앞동없는뻥뷰 에어컨4대 현관중문 초등학교앞,25.02.28,"['2년이내', '방네개이상', '화장실두개', '고층']",남서향,
경기도,화성시,비봉면,예미지센트럴에듀,월세,104동,11/19,"5,000/100",101.1,DOC,"햇살 굿 상권 굿 조망 굿, 초품아, 시스템 에어컨4대, 중문시공",25.02.28,"['2년이내', '방세개', '화장실두개', '중층']",남동향,
경기도,화성시,비봉면,예미지센트럴에듀,매매,106동,13/25,395000000,101.1,DOC,등기후매매  시스템에어컨 4대 와이드주방옵션 현관중문,25.02.24,"['2년이내', '방세개', '화장실두개', '중층']",남향,12915777.200791297
경기도,화성시,비봉면,예미지센트럴에듀,월세,104동,17/19,"3,000/90",101.1,DOC,"햇살이 오래도록 머무는 전면동, 막힘없는 조망, 방4, 시스템 에어컨4대",25.02.21,"['2년이내', '방세개', '화장실두개', '고층']",남동향,
경기도,화성시,비봉면,예미지센트럴에듀,월세,104동,13/19,"3,000/100",101.1,NDOC1,풀옵션 뻥뷰 식기세척기 제습기까지,25.02.08,"['2년이내', '방세개', '화장실두개', '고층']",남향,
경기도,화성시,비봉면,예미지센트럴에듀,매매,106동,중/25,390000000,101.1,NDOC1,등기 완료 후 매매물건,25.02.11,"['2년이내', '방세개', '화장실두개', '중층']",남동향,12752286.350148369
경기도,화성시,비봉면,예미지센트럴에듀,매매,106동,중/25,390000000,101.1,DOC,신혼부부 강추 초품아 로얄동 서두르세요,25.02.22,"['2년이내', '방세개', '화장실두개', '중층']",남동향,12752286.350148369
경기도,화성시,비봉면,예미지센트럴에듀,전세,110동,8/25,220000000,101.1,NDOC1,"편안한 산과 단지뷰, 환기 잘되는 판상형, 에4, 인덕션, 고급옵션",25.02.05,"['2년이내', '방세개', '화장실두개', '세대당1대']",남향,7193597.428288825
경기도,화성시,비봉면,예미지센트럴에듀,월세,105동,고/20,"3,000/100",101.1,DOC,"신축 첫입주의 깔끔함, 신혼부부 적극추천, 시스템 에어컨2대,히든주방",25.02.17,"['2년이내', '방두개', '화장실두개', '고층']",남동향,
경기도,화성시,비봉면,예미지센트럴에듀,월세,105동,7/20,"3,000/100",101.1,NDOC1,"76,에4,인덕션,중앙동,남향,햇살가득,난방비절감",25.01.31,"['2년이내', '방세개', '화장실두개', '중층']",남향,
경기도,화성시,비봉면,예미지센트럴에듀,매매,110동,고/25,410000000,101.1,NDOC1,당근 전세끼고 매매 물건입니다,25.02.03,"['2년이내', '방세개', '화장실두개', '고층']",남서향,13406249.75272008
경기도,화성시,비봉면,예미지센트럴에듀,전세,104동,저/19,250000000,101.1,DOC,"에어컨4,신축,첫입주,드레스룸,인덕션,중문,풀옵션,커뮤니티시설 완비",25.02.13,"['2년이내', '융자금없는', '방세개', '화장실두개']",남동향,8174542.5321463905
경기도,화성시,비봉면,예미지센트럴에듀,전세,105동,2/20,210000000,101.1,DOC,76타입 남향 판상형 구조 에어컨 2대  센서형 절수페달,25.02.04,"['2년이내', '융자금없는', '방네개이상', '화장실두개']",남향,6866615.727002968
경기도,화성시,비봉면,예미지센트럴에듀,전세,105동,저/20,220000000,101.1,DOC,"신축 첫입주,여유있는 동간거리,뷰 맛집,착한가격",25.02.07,"['2년이내', '방세개', '화장실두개', '세대당1대']",남동향,7193597.428288825
경기도,화성시,비봉면,예미지센트럴에듀,전세,105동,저/20,250000000,101.1,DOC,"신축입주, 에어컨4대,  4룸가능, 생활편리가능",25.02.05,"['2년이내', '방세개', '화장실두개', '세대당1대']",남향,8174542.5321463905
경기도,화성시,비봉면,예미지센트럴에듀,전세,105동,중/20,220000000,101.1,DOC,"에어컨4,드레스룸,식세 및 오븐,발코니확장,중문,인덕션,신축,첫입주",25.02.03,"['2년이내', '융자금없는', '확장형', '방세개']",남동향,7193597.428288825
경기도,화성시,비봉면,예미지센트럴에듀,전세,105동,1/20,250000000,101.1,NONE,,25.02.11,"['2년이내', '1층', '방세개', '화장실두개']",남향,8174542.5321463905
경기도,화성시,비봉면,우미린더퍼스트,월세,105동,4/25,"5,000/90",113.01,NDOC1,,25.02.22,"['2년이내', '방세개', '화장실두개', '세대당1대']",남서향,
경기도,화성시,비봉면,우미린더퍼스트,월세,104동,7/25,"4,000/100",113.01,DOC,"신축 첫입주, 청연중  통학 편리, 방3, 시스템 에어컨 3대",25.02.28,"['2년이내', '방세개', '화장실두개', '세대당1대']",남동향,
경기도,화성시,비봉면,우미린더퍼스트,매매,105동,저/25,420000000,113.01,NDOC1,전면동,25.02.19,"['2년이내', '방세개', '화장실두개', '세대당1대']",남서향,12285901.247677196
경기도,화성시,비봉면,우미린더퍼스트,전세,104동,7/25,250000000,113.01,DOC,"귀한C타입, 에어컨3대, 주방패키지,드레스룸,바닥타일외",25.02.14,"['2년이내', '방세개', '화장실두개', '세대당1대']",남동향,7313036.456950712
경기도,화성시,비봉면,우미린더퍼스트,월세,107동,6/25,"3,000/100",112.22,NDOC1,"계절의 변화를 한눈에 보는 산조망, 방3, 시스템 에어컨3대,청연중 인접",25.02.28,"['2년이내', '방세개', '화장실두개', '세대당1대']",남서향,
경기도,화성시,비봉면,우미린더퍼스트,전세,104동,9/25,240000000,112.22,NDOC1,에5 고급주방 l 드레스룸 즉시입주,25.02.27,"['2년이내', '방세개', '화장실두개', '중층']",남서향,7069937.622527179
경기도,화성시,비봉면,우미린더퍼스트,월세,105동,23/25,"3,000/120",112.22,NDOC1,전망 좋은 옵션많은 로얄층 월세 ,25.02.22,"['2년이내', '방세개', '화장실두개', '고층']",남동향,
경기도,화성시,비봉면,우미린더퍼스트,월세,105동,18/25,"5,000/100",112.22,NDOC1,풀옵션 로얄층 월세 시스템에어컨5대,25.02.20,"['2년이내', '융자금없는', '방세개', '화장실두개']",남동향,
경기도,화성시,비봉면,우미린더퍼스트,월세,101동,2/20,"3,000/100",112.22,NDOC1,2층 필로티  아이들있는 가정 추천 월세,25.02.20,"['2년이내', '방세개', '화장실두개', '세대당1대']",남서향,
경기도,화성시,비봉면,우미린더퍼스트,전세,101동,5/20,240000000,112.22,NDOC1,,25.02.20,"['2년이내', '융자금없는', '방세개', '화장실두개']",남서향,7069937.622527179
경기도,화성시,비봉면,우미린더퍼스트,월세,105동,22/25,"5,000/110",112.22,DOC,"로얄동 로얄층, 막힘없이 뻗어가는 뻥 조망, 방3, 시스템 에어컨5대",25.02.28,"['2년이내', '방세개', '화장실두개', '고층']",남동향,
경기도,화성시,비봉면,우미린더퍼스트,월세,102동,고/25,"3,000/95",112.22,NDOC1,"반려동물可,에5,현관팬트리,고급주방특화,침실1붙박이,인덕션,식세기등",25.02.24,"['2년이내', '방세개', '화장실두개', '고층']",남서향,
경기도,화성시,비봉면,우미린더퍼스트,월세,102동,고/25,"3,000/100",112.22,NDOC1,"당근 시스템에어컨3개, 안방드레스룸 일반형, 인덕션",25.02.22,"['2년이내', '방세개', '화장실두개', '고층']",남서향,
경기도,화성시,비봉면,우미린더퍼스트,월세,106동,22/25,"5,000/90",112.22,NDOC1,왕래산 뻥뷰 시에5대 고급주방특화 아일랜드장 냉장고장 월세 저렴 추천,25.02.14,"['2년이내', '방세개', '화장실두개', '고층']",남서향,
경기도,화성시,비봉면,우미린더퍼스트,매매,105동,저/25,400000000,112.22,NDOC1,전면동 잔금완료  상세옵션 참고,25.02.20,"['2년이내', '방세개', '화장실두개', '세대당1대']",남동향,11783229.370878631
경기도,화성시,비봉면,우미린더퍼스트,전세,106동,22/25,250000000,112.22,NDOC1,당근 왕래산 뻥뷰 시에 5대 고급주방특화 아일랜드장 냉장고장,25.02.13,"['2년이내', '방세개', '화장실두개', '고층']",남서향,7364518.356799145
경기도,화성시,비봉면,우미린더퍼스트,월세,101동,중/20,"5,000/90",112.22,NDOC1,,25.02.18,"['2년이내', '방세개', '화장실두개', '중층']",남서향,
경기도,화성시,비봉면,우미린더퍼스트,매매,107동,저/25,420000000,112.22,NDOC1,,25.02.17,"['2년이내', '방세개', '화장실두개', '세대당1대']",남서향,12372390.839422563
경기도,화성시,비봉면,우미린더퍼스트,전세,102동,25/25,270000000,112.22,NDOC1,당근 애완가능 귀한 탑층 드레스룸 고급형 시스템에어컨5대 옵션 좋은집,25.02.10,"['2년이내', '탑층', '방세개', '화장실두개']",남동향,7953679.825343077
경기도,화성시,비봉면,우미린더퍼스트,전세,104동,23/25,250000000,112.22,NDOC1,남향 뻥뷰 판상형 구조 에어컨 3대,25.02.01,"['2년이내', '융자금없는', '방세개', '화장실두개']",남향,7364518.356799145
경기도,화성시,비봉면,우미린더퍼스트,전세,105동,6/25,250000000,112.22,NDOC1,84 뻥뷰 남향 판상형 에어컨5대,25.01.31,"['2년이내', '융자금없는', '방세개', '화장실두개']",남향,7364518.356799145
경기도,화성시,비봉면,우미린더퍼스트,전세,104동,23/25,220000000,111.73,NDOC1,로얄층 뻥뷰 즉시입주가능,25.02.28,"['2년이내', '방세개', '화장실두개', '고층']",남동향,6509198.066768101
경기도,화성시,비봉면,우미린더퍼스트,전세,102동,17/25,250000000,111.73,NDOC1,"단지 정원길 따라 흘러가는 시선, 방3, 시스템 에어컨5대, 현관 펜트리",25.02.28,"['2년이내', '마당', '방세개', '화장실두개']",남서향,7396815.984963752
경기도,화성시,비봉면,우미린더퍼스트,전세,103동,9/25,240000000,111.73,NDOC1,"신축 첫입주의 깨끗함과 깔끔함, 널찍한 현관 펜트리, 시스템 에어컨3대",25.02.28,"['2년이내', '방세개', '화장실두개', '중층']",남서향,7100943.345565202
경기도,화성시,비봉면,우미린더퍼스트,월세,103동,11/25,"5,000/85",111.73,NDOC1,에어컨5 타일바닥 가구고급형 학세권,25.02.28,"['2년이내', '방세개', '화장실두개', '중층']",남동향,
경기도,화성시,비봉면,우미린더퍼스트,월세,107동,11/25,"5,000/85",111.73,NDOC1,에5 고급주방 풀옵션 즉시입주,25.02.27,"['2년이내', '방세개', '화장실두개', '중층']",남동향,
경기도,화성시,비봉면,우미린더퍼스트,전세,106동,4/25,280000000,111.73,NDOC1,당근  중문 시스템에어컨 드레스룸 완비,25.02.25,"['2년이내', '방세개', '화장실두개', '세대당1대']",남서향,8284433.903159402
경기도,화성시,비봉면,우미린더퍼스트,월세,106동,4/25,"4,000/100",111.73,NDOC1,당근  뷰좋은 남서향 사생활보호 완벽 가구패키지 물건,25.02.25,"['2년이내', '방세개', '화장실두개', '세대당1대']",남서향,
경기도,화성시,비봉면,우미린더퍼스트,매매,106동,23/25,448000000,111.73,NDOC1,풀옵션 로얄층 매매,25.02.25,"['2년이내', '방세개', '화장실두개', '고층']",남동향,13255094.245055044
경기도,화성시,비봉면,우미린더퍼스트,전세,107동,2/25,240000000,111.73,NDOC1,,25.02.24,"['2년이내', '융자금없는', '방세개', '화장실두개']",남동향,7100943.345565202
경기도,화성시,비봉면,우미린더퍼스트,전세,102동,12/25,240000000,111.73,NDOC1,출입편한 입구동 선호라인 ,25.02.24,"['2년이내', '방세개', '화장실두개', '중층']",남서향,7100943.345565202
경기도,화성시,비봉면,우미린더퍼스트,월세,103동,3/25,"3,000/100",111.73,NDOC1,"금액조정가능 시스템에어컨5대, 현관펜트리, 키큰장 중문 줄눈 지원",25.02.22,"['2년이내', '방세개', '화장실두개', '세대당1대']",남서향,
경기도,화성시,비봉면,우미린더퍼스트,월세,105동,11/25,"5,000/100",111.73,NDOC1,막힘 없는 뷰  시스템에어컨5대,25.02.20,"['2년이내', '방세개', '화장실두개', '중층']",남동향,
경기도,화성시,비봉면,우미린더퍼스트,전세,103동,9/25,240000000,111.73,NDOC1,채광 전망 좋은  라인 전세,25.02.20,"['2년이내', '융자금없는', '방세개', '화장실두개']",남서향,7100943.345565202
경기도,화성시,비봉면,우미린더퍼스트,월세,107동,12/25,"3,000/100",111.73,NDOC1,,25.02.19,"['2년이내', '방세개', '화장실두개', '중층']",남동향,
경기도,화성시,비봉면,우미린더퍼스트,월세,106동,5/25,"3,000/110",111.73,NDOC1,"당근 시에5개, 주방패키지,가구패키지고급형 옵션 좋은 추천 매물",25.02.19,"['2년이내', '방세개', '화장실두개', '세대당1대']",남동향,
경기도,화성시,비봉면,우미린더퍼스트,전세,106동,22/25,300000000,111.73,NDOC1,"당근 20층이상 로얄 시에5, 현관팬트리, 주방패키지 김치냉장고장",25.02.19,"['2년이내', '방세개', '화장실두개', '고층']",남동향,8876179.181956502
경기도,화성시,비봉면,우미린더퍼스트,월세,105동,중/25,"5,000/100",111.73,NDOC1,"대출없는월세,장기거주환영,에4,주방아일랜드,팬트리,안방드레스룸",25.02.25,"['2년이내', '방세개', '화장실두개', '중층']",남서향,
경기도,화성시,비봉면,우미린더퍼스트,매매,106동,고/25,445000000,111.73,NDOC1,잔금완료세대 등기완료후매매,25.02.25,"['2년이내', '방세개', '화장실두개', '고층']",남동향,13166332.45323548
경기도,화성시,비봉면,우미린더퍼스트,월세,102동,15/25,"5,000/100",111.73,NDOC1,당근 대출없음 주출입구동 김치냉장고장 광파오븐 인덕션 식기세척기,25.02.18,"['2년이내', '방세개', '화장실두개', '중층']",남동향,
경기도,화성시,비봉면,우미린더퍼스트,월세,106동,고/25,"5,000/90",111.73,NDOC1,,25.02.22,"['2년이내', '방세개', '화장실두개', '고층']",남동향,
경기도,화성시,비봉면,우미린더퍼스트,매매,107동,중/25,420000000,111.73,NDOC1,당근 등기후매매,25.02.21,"['2년이내', '방세개', '화장실두개', '중층']",남동향,12426650.854739103
경기도,화성시,비봉면,우미린더퍼스트,월세,102동,7/25,"5,000/88",111.73,NDOC1,"당근 시스템에어컨5개, 현관펜트리, 고급주방특화, 주방팬트리, 인덕션",25.02.14,"['2년이내', '방세개', '화장실두개', '세대당1대']",남서향,
경기도,화성시,비봉면,우미린더퍼스트,전세,105동,23/25,270000000,111.73,NDOC1,당근 집주인 좋아요 시에3 풀옵펜트리 드레스룸 냉장고장 다있음,25.02.14,"['2년이내', '방세개', '화장실두개', '고층']",남서향,7988561.263760853
경기도,화성시,비봉면,우미린더퍼스트,월세,103동,1/25,1억/30,111.73,NDOC1,"아이들의 뜀 걱정 없어요, 방 3개, 시스템 에어컨 5대, 옵션 다수",25.02.14,"['2년이내', '1층', '방세개', '화장실두개']",남서향,
경기도,화성시,비봉면,우미린더퍼스트,전세,102동,13/25,270000000,111.73,DOC,방3 에어컨5대 주방팬트리 현관팬트리 안방중문 및 현관중문시공,25.02.24,"['2년이내', '방세개', '화장실두개', '중층']",남서향,7988561.263760853
경기도,화성시,비봉면,우미린더퍼스트,전세,103동,고/25,260000000,111.73,NDOC1,시스템에어컨3대  우물천정,25.02.20,"['2년이내', '방세개', '화장실두개', '고층']",남동향,7692688.624362302
경기도,화성시,비봉면,우미린더퍼스트,월세,102동,20/25,"3,000/100",111.73,NDOC1,풀옵션 로얄층 월세,25.02.13,"['2년이내', '방세개', '화장실두개', '고층']",남서향,
경기도,화성시,비봉면,우미린더퍼스트,매매,101동,중/20,430000000,111.73,NDOC1,"잔금완납세대,84A,에5,안방드레스룸,주방패키지,조용한남서향",25.02.19,"['2년이내', '방세개', '화장실두개', '중층']",남서향,12722523.494137654
경기도,화성시,비봉면,우미린더퍼스트,전세,104동,중/25,230000000,111.73,NDOC1,"반려동물가능,에3,현관팬트리,안방드레스룸,침실1붙박이,주방패키지등",25.02.18,"['2년이내', '융자금없는', '방세개', '화장실두개']",남서향,6805070.706166652
경기도,화성시,비봉면,우미린더퍼스트,월세,107동,2/25,2억/15,111.73,DOCV2,중앙공원뷰 .고급주방펜트리.에어컨5.반려동물가능,25.02.17,"['2년이내', '방세개', '화장실두개', '세대당1대']",남동향,
경기도,화성시,비봉면,우미린더퍼스트,월세,102동,22/25,"3,000/120",111.73,NDOC1,당근 융자없는월세 전입신고바로가능,25.02.11,"['2년이내', '융자금없는', '방세개', '화장실두개']",남동향,
경기도,화성시,비봉면,우미린더퍼스트,매매,103동,고/25,445000000,111.73,NDOC1,남서향 햇살가득 로얄층입니다,25.02.17,"['2년이내', '방세개', '화장실두개', '고층']",남서향,13166332.45323548
경기도,화성시,비봉면,우미린더퍼스트,월세,106동,23/25,"3,000/100",111.73,NDOC1,채광좋은 로얄층 풀옵션  월세,25.02.10,"['2년이내', '방세개', '화장실두개', '고층']",남동향,
경기도,화성시,비봉면,우미린더퍼스트,월세,103동,10/25,"4,000/100",111.73,NDOC1,"아름다운 단지와 숲이 어우러지는 뷰, 단지 맞은편 청연중 초 인접",25.02.10,"['2년이내', '방세개', '화장실두개', '중층']",남서향,
경기도,화성시,비봉면,우미린더퍼스트,월세,104동,25/25,"3,000/120",111.73,NDOC1,,25.02.10,"['2년이내', '탑층', '방세개', '화장실두개']",남동향,
경기도,화성시,비봉면,우미린더퍼스트,월세,101동,저/20,"3,000/90",111.73,DOC,"에5,현관팬트리,고급주방특화,주방장식장,남서향뷰,저렴한월세",25.02.25,"['2년이내', '방세개', '화장실두개', '세대당1대']",남서향,
경기도,화성시,비봉면,우미린더퍼스트,전세,103동,저/25,250000000,111.73,NDOC1,,25.02.14,"['2년이내', '방세개', '화장실두개', '세대당1대']",남서향,7396815.984963752
경기도,화성시,비봉면,우미린더퍼스트,월세,101동,4/20,"3,000/100",111.73,DOC,시스템에어컨5대고급주방거실타일시공,25.02.17,"['2년이내', '방세개', '화장실두개', '세대당1대']",남동향,
경기도,화성시,비봉면,우미린더퍼스트,전세,102동,중/25,270000000,111.73,NDOC1,당근 대출없음 주출입구동 김치냉장고장 광파오븐 인덕션 식기세척기,25.02.12,"['2년이내', '방세개', '화장실두개', '중층']",남동향,7988561.263760853
경기도,화성시,비봉면,우미린더퍼스트,전세,103동,고/25,270000000,111.73,DOC,"에어컨5,중문,줄눈,탄성,작은방1붙박이장,드레스룸,씽크대,주방펜트리 완비",25.02.22,"['2년이내', '융자금없는', '방세개', '화장실두개']",남동향,7988561.263760853
경기도,화성시,비봉면,우미린더퍼스트,월세,101동,8/20,"3,000/100",111.73,DOC,"에어컨5, 현관팬트리, 드레스룸, 오븐등 풀오션",25.02.15,"['2년이내', '방세개', '화장실두개', '중층']",남동향,
경기도,화성시,비봉면,우미린더퍼스트,월세,104동,7/25,"3,000/100",111.73,NDOC1,당근 전면동 뻥뷰  A타입,25.02.03,"['2년이내', '방세개', '화장실두개', '세대당1대']",남동향,
경기도,화성시,비봉면,우미린더퍼스트,매매,104동,고/25,460000000,111.73,DOC,전면동 뻥뷰 탑층아님,25.02.19,"['2년이내', '방세개', '화장실두개', '고층']",남서향,13610141.412333304
경기도,화성시,비봉면,우미린더퍼스트,전세,106동,저/25,230000000,111.73,DOC,"판산형,현관팬트리,시스템에어컨4,냉장고장,신축,첫입주",25.02.19,"['2년이내', '융자금없는', '방세개', '화장실두개']",남동향,6805070.706166652
경기도,화성시,비봉면,우미린더퍼스트,전세,102동,중/25,240000000,111.73,DOC,"판상형,현관팬트리,발코니확장,안방드레스룸,신축,첫입주",25.02.19,"['2년이내', '융자금없는', '확장형', '방세개']",남서향,7100943.345565202
경기도,화성시,비봉면,우미린더퍼스트,전세,103동,저/25,220000000,111.73,DOC,"에어컨3,판상형,현관펜트리,인덕션,발코니확장,신축,첫입주",25.02.17,"['2년이내', '융자금없는', '확장형', '방세개']",남서향,6509198.066768101
경기도,화성시,비봉면,우미린더퍼스트,매매,105동,중/25,460000000,111.73,DOC,등기후매매 에어컨5 바닥타일 주방패키지 가구패키지 인덕션 식기세척기,25.02.13,"['2년이내', '방세개', '화장실두개', '중층']",남서향,13610141.412333304
경기도,화성시,비봉면,우미린더퍼스트,월세,107동,고/25,"3,000/100",111.73,DOC,"에어컨5,현관팬드리,주방팬트리,드레스룸,인덕션,전망좋음,신축",25.02.13,"['2년이내', '융자금없는', '방세개', '화장실두개']",남동향,
경기도,화성시,비봉면,우미린더퍼스트,전세,104동,고/25,250000000,111.73,DOC,"발코니확장,에어컨5,현관팬트리,안방드레스룸,침실1붙박이장,냉장고장,신축",25.02.12,"['2년이내', '융자금없는', '확장형', '화장실두개']",남서향,7396815.984963752
경기도,화성시,비봉면,우미린더퍼스트,전세,102동,12/25,250000000,111.73,DOC,등기완료 시에5 단지뷰 옵션좋아요 신축첫입주 ,25.02.05,"['2년이내', '방세개', '화장실두개', '중층']",남서향,7396815.984963752
경기도,화성시,비봉면,우미린더퍼스트,월세,104동,중/25,"3,000/100",111.73,DOC,"에어컨5,현관팬트리,인덕션,전망좋음,판상형구조,역과가까움",25.02.06,"['2년이내', '융자금없는', '방세개', '화장실두개']",남서향,
경기도,화성시,비봉면,우미린더퍼스트,전세,103동,9/25,240000000,111.73,NONE,호반코너.84.시에3.현관펜트리.안방드레스룸.작은방붙박이장.신혼부부강추,25.02.11,"['2년이내', '방세개', '화장실두개', '중층']",남서향,7100943.345565202
경기도,화성시,비봉면,우미린더퍼스트,월세,104동,7/25,1억/70,111.73,NONE,막힘없는 동  등기완료시점3월말 ,25.02.10,"['2년이내', '방세개', '화장실두개', '세대당1대']",남동향,
경기도,화성시,비봉면,천산스카이빌,매매,102동,11/15,255000000,106.39,NDOC1,전망좋고 살기좋은 아파트,25.02.22,"['25년이내', '방세개', '화장실두개', '고층']",남향,7923443.697715951
경기도,화성시,비봉면,천산스카이빌,매매,101동,1/9,255000000,106.39,NDOC1,올 인테리어 깨끗하고 살기좋은 집,25.02.12,"['25년이내', '1층', '방세개', '화장실두개']",남향,7923443.697715951
경기도,화성시,비봉면,천산스카이빌,매매,103동,11/14,260000000,106.39,NDOC1,"샷시,화장실2개,주방,타일거실 등 올 수리",25.02.12,"['25년이내', '올수리', '방세개', '화장실두개']",남향,8078805.338847637
경기도,화성시,비봉면,천산스카이빌,매매,103동,5/14,240000000,106.39,NDOC1,전망좋고 살기좋은 아파트 .조정가능,25.02.12,"['25년이내', '방세개', '화장실두개', '중층']",남향,7457358.774320895
경기도,화성시,비봉면,천산스카이빌,매매,103동,저/14,255000000,106.39,DOC,거실 및 방 확장등 인테리어한집,25.02.28,"['25년이내', '방세개', '화장실두개', '세대당1대']",남향,7923443.697715951
경기도,화성시,비봉면,천산스카이빌,매매,102동,저/15,215000000,106.39,OWNER,전세권리 승계 매매 입니다.,25.02.17,"['25년이내', '방세개', '화장실두개', '세대당1대']",남향,6680550.568662468
경기도,화성시,비봉면,천산스카이빌,매매,101동,중/9,225000000,106.39,DOC,중간층으로 제일저렴한 집임,25.02.24,"['25년이내', '방세개', '화장실두개', '중층']",남향,6991273.8509258395
경기도,화성시,비봉면,천산스카이빌,매매,102동,중/15,250000000,106.39,NDOC1,깨끗하게 수리한 로얄동 로얄층,25.02.12,"['25년이내', '방세개', '화장실두개', '중층']",남향,7768082.056584267
경기도,화성시,비봉면,천산스카이빌,매매,102동,중/15,260000000,106.39,NDOC1,인테리어 잘 되어 있고 살기좋은 아파트,25.02.12,"['25년이내', '방세개', '화장실두개', '중층']",남향,8078805.338847637
경기도,화성시,비봉면,천산스카이빌,매매,103동,4/14,235000000,106.39,NDOC1,살기좋은 아파트,25.02.04,"['25년이내', '방세개', '화장실두개', '세대당1대']",남향,7301997.13318921
경기도,화성시,비봉면,천산스카이빌,매매,102동,저/15,230000000,106.39,DOC,이사날짜 언제든 가능,25.02.17,"['25년이내', '방세개', '화장실두개', '세대당1대']",남향,7146635.492057524
경기도,화성시,비봉면,천산스카이빌,월세,102동,2/15,"3,000/70",106.39,DOC,이사 편하게 맟추어 줌,25.02.10,"['25년이내', '융자금없는', '방세개', '화장실두개']",남향,
경기도,화성시,비봉면,천산스카이빌,매매,102동,저/15,225000000,106.39,DOC,즉시입주 가능한 집,25.02.13,"['25년이내', '방세개', '화장실두개', '세대당1대']",남향,6991273.8509258395
경기도,화성시,비봉면,천산스카이빌,매매,102동,고/15,230000000,106.39,DOC,교통편리하고 전망좋은 아파트. 이사날짜 협의가능,25.02.12,"['25년이내', '방세개', '화장실두개', '고층']",남향,7146635.492057524
경기도,화성시,비봉면,천산스카이빌,매매,103동,고/14,260000000,106.39,DOC,샷시빼고 올수리한집 입니다.,25.02.10,"['25년이내', '올수리', '방세개', '화장실두개']",남향,8078805.338847637
경기도,화성시,비봉면,킹덤시티(주상복합),매매,1동,6/20,359000000,83.43,DOC,화성비봉 신축아파트 즉시입주 ,25.02.08,"['2년이내', '방세개', '화장실두개', '주차가능']",남서향,14224820.987654323
경기도,화성시,비봉면,킹덤시티(주상복합),매매,1동,5/20,359000000,82.31,DOC,화성 비봉 신축아파트 즉시입주,25.02.08,"['2년이내', '방세개', '화장실두개', '주차가능']",남서향,14418379.480014578
경기도,화성시,비봉면,화성비봉호반써밋,전세,208동,15/25,230000000,113.24,NDOC1,"남향의 장점 겨울엔 따뜻 여름엔 시원, 시스템 에어컨4대, 옵션 다수",25.02.28,"['2년이내', '방네개이상', '화장실두개', '중층']",남향,6714328.417520312
경기도,화성시,비봉면,화성비봉호반써밋,월세,208동,15/25,"5,000/90",113.24,NDOC1,"중앙 정원이 한눈에 내려다보이는 귀한B타입, 시스템 에어컨4대, 옵션다양",25.02.17,"['2년이내', '마당', '방네개이상', '화장실두개']",남향,
경기도,화성시,비봉면,화성비봉호반써밋,월세,204동,7/25,"3,000/120",113.24,DOC,방4개 드레스룸,25.02.25,"['2년이내', '방네개이상', '화장실두개', '세대당1대']",남서향,
경기도,화성시,비봉면,화성비봉호반써밋,매매,201동,10/25,401000000,113.24,DOC,"분양권 전매,단지뷰 ,상세설명 필.",25.02.22,"['2년이내', '방네개이상', '화장실두개', '중층']",남서향,11706285.632285412
경기도,화성시,비봉면,화성비봉호반써밋,전세,204동,10/25,240000000,113.24,DOC,시스템에어컨5 현관창고 바닥타일 11자형주방 주방팬트리 주방장식장,25.02.10,"['2년이내', '방세개', '화장실두개', '중층']",남서향,7006255.740021194
경기도,화성시,비봉면,화성비봉호반써밋,전세,201동,10/25,250000000,113.24,DOC,단지뷰로 좋은 물건.상세설명 필.,25.02.05,"['2년이내', '방네개이상', '화장실두개', '중층']",남향,7298183.062522077
경기도,화성시,비봉면,화성비봉호반써밋,전세,208동,15/25,240000000,113.24,NONE,호반코너.84.시스템에어컨3대.11자형주방.대형팬트리.바닥타일.풀옵션,25.02.16,"['2년이내', '대형평수', '방세개', '화장실두개']",남서향,7006255.740021194
경기도,화성시,비봉면,화성비봉호반써밋,월세,208동,15/25,"5,000/90",113.24,NONE,호반코너.84.시스템에어컨3대.11자형주방.대형팬트리.바닥타일.옵션굿,25.02.16,"['2년이내', '대형평수', '방세개', '화장실두개']",남서향,
경기도,화성시,비봉면,화성비봉호반써밋,전세,208동,3/25,260000000,112.96,NDOC1,11자형주방 시스템에어컨4 현관창고 주방팬트리 외,25.02.28,"['2년이내', '방세개', '화장실두개', '세대당1대']",남동향,7608924.398016998
경기도,화성시,비봉면,화성비봉호반써밋,월세,204동,20/25,"2,000/110",112.96,NDOC1,방4 시스템에어컨4 키큰장 3구인덕션 제습기 공기청정시스템헤파필터,25.02.27,"['2년이내', '방네개이상', '화장실두개', '고층']",남서향,
경기도,화성시,비봉면,화성비봉호반써밋,월세,203동,25/25,"5,000/100",112.96,NDOC1,귀한탑층,25.02.26,"['2년이내', '탑층', '방네개이상', '화장실두개']",남동향,
경기도,화성시,비봉면,화성비봉호반써밋,전세,203동,8/25,250000000,112.96,NDOC1,,25.02.22,"['2년이내', '방네개이상', '화장실두개', '세대당1대']",남동향,7316273.45963173
경기도,화성시,비봉면,화성비봉호반써밋,월세,202동,22/25,"5,000/100",112.96,NDOC1,"당근 고층 시스템에어컨5대, 중문, 바닥타일",25.02.22,"['2년이내', '방네개이상', '화장실두개', '고층']",남동향,
경기도,화성시,비봉면,화성비봉호반써밋,전세,201동,15/25,250000000,112.96,NDOC1,,25.02.19,"['2년이내', '융자금없는', '방네개이상', '화장실두개']",남동향,7316273.45963173
경기도,화성시,비봉면,화성비봉호반써밋,월세,204동,14/25,"5,000/120",112.96,DOC,"첫입주, 전망좋아요, 공원뷰, 2년 계약, A타입",25.02.27,"['2년이내', '방네개이상', '화장실두개', '중층']",남향,
경기도,화성시,비봉면,화성비봉호반써밋,매매,201동,15/25,413760000,112.96,DOC,분양권전매 11자형주방,25.02.27,"['2년이내', '방세개', '화장실두개', '중층']",남동향,12108725.226628896
경기도,화성시,비봉면,화성비봉호반써밋,매매,202동,4/25,401980000,112.96,DOC,분양권 전매  11자형주방,25.02.27,"['2년이내', '방세개', '화장실두개', '세대당1대']",남동향,11763982.421211049
경기도,화성시,비봉면,화성비봉호반써밋,매매,201동,11/25,406950000,112.96,DOC,분양권 전매  방4개,25.02.27,"['2년이내', '방네개이상', '화장실두개', '중층']",남동향,11909429.937588528
경기도,화성시,비봉면,화성비봉호반써밋,월세,203동,3/25,"5,000/100",112.96,DOC,"빠른월세,에어컨5대,자형주방,대형팬트리,안방드레스룸등",25.02.25,"['2년이내', '대형평수', '방세개', '화장실두개']",남향,
경기도,화성시,비봉면,화성비봉호반써밋,월세,201동,15/25,"4,800/100",112.96,DOC,"에어컨 2대, 대형팬트리, 3룸",25.02.24,"['2년이내', '대형평수', '방세개', '화장실두개']",남동향,
경기도,화성시,비봉면,화성비봉호반써밋,전세,204동,14/25,240000000,112.96,DOC,"빠른전세,에5,대형팬트리,자형주방,현관창고,인덕션,공원뷰",25.02.24,"['2년이내', '대형평수', '방세개', '화장실두개']",남향,7023622.521246459
경기도,화성시,비봉면,화성비봉호반써밋,월세,203동,22/25,"4,000/95",112.96,DOC,뷰굿 방3 에어컨6 주방팬트리 3구인덕션 오븐 바닥타일 상세설명보세염,25.02.24,"['2년이내', '방네개이상', '화장실두개', '고층']",남동향,
경기도,화성시,비봉면,화성비봉호반써밋,전세,204동,20/25,250000000,112.96,NDOC1,방4 뻥뷰 선호도 높은 고층 판상형구조,25.02.14,"['2년이내', '방네개이상', '화장실두개', '고층']",남동향,7316273.45963173
경기도,화성시,비봉면,화성비봉호반써밋,전세,201동,저/25,270000000,112.96,OWNER,호반코너.84.전세대출가능.시스템에어컨4대.11자형주방.대형팬트리.강추,25.02.19,"['2년이내', '대형평수', '방세개', '화장실두개']",남향,7901575.336402268
경기도,화성시,비봉면,화성비봉호반써밋,전세,202동,22/25,250000000,112.96,DOCV2,방3 주방팬트리 현관창고,25.02.19,"['2년이내', '방네개이상', '화장실두개', '고층']",남동향,7316273.45963173
경기도,화성시,비봉면,화성비봉호반써밋,전세,201동,2/25,270000000,112.96,NDOC1,시스템에어컨5대 바닥타일 중문  최고옵션,25.02.13,"['2년이내', '방세개', '화장실두개', '세대당1대']",남동향,7901575.336402268
경기도,화성시,비봉면,화성비봉호반써밋,전세,202동,5/25,250000000,112.96,DOC,전세대출.보증보험가능.풀옵션.시스템4대.현관창고.대형팬트리.안방드레스룸,25.02.22,"['2년이내', '대형평수', '방세개', '화장실두개']",남향,7316273.45963173
경기도,화성시,비봉면,화성비봉호반써밋,매매,208동,25/25,430000000,112.96,DOC,분양권 전매 에어컨 6대 현관팬트리 바닥타일 주방마감 비데 공기청정등,25.02.17,"['2년이내', '탑층', '방네개이상', '화장실두개']",남향,12583990.350566573
경기도,화성시,비봉면,화성비봉호반써밋,전세,201동,중/25,230000000,112.96,DOC,"에어컨3,남향,발코니확장,현관팬트리,붙박이장,인덕션,신축,첫입주",25.02.22,"['2년이내', '융자금없는', '확장형', '화장실두개']",남향,6730971.582861191
경기도,화성시,비봉면,화성비봉호반써밋,월세,204동,12/25,"5,000/100",112.96,DOC,굿조망 방4 에4대 시공예정 중문 천장조명 부부욕실비데 침실3붙박이장,25.02.07,"['2년이내', '방네개이상', '화장실두개', '중층']",남동향,
경기도,화성시,비봉면,화성비봉호반써밋,전세,204동,20/25,280000000,112.96,DOC,남향 뻥뷰 아일랜드주방 에어컨 4 팬트리까지,25.01.31,"['2년이내', '융자금없는', '방세개', '화장실두개']",남향,8194226.274787537
경기도,화성시,비봉면,화성비봉호반써밋,월세,204동,12/25,"3,000/95",112.96,NONE,맨앞동고층트인뷰.중문.입구방붙박이장.방4개.방많은집찾으시는분께추천,25.03.02,"['2년이내', '방네개이상', '화장실두개', '중층']",남향,
경기도,화성시,비봉면,화성비봉호반써밋,매매,201동,11/25,413130000,112.96,NONE,분양권전매.무피.남향.고층.고급형시에4대.바닥타일.인덕션.오븐.비데.풀옵,25.02.25,"['2년이내', '방네개이상', '화장실두개', '중층']",남향,12090288.217510626
경기도,화성시,비봉면,화성비봉호반써밋,매매,201동,15/25,413750000,112.96,NONE,호반코너.84.고층.남향.시스템2대.주방팬트리.중문.상가이용편리한동,25.02.24,"['2년이내', '방세개', '화장실두개', '중층']",남향,12108432.575690512
경기도,화성시,비봉면,화성비봉호반써밋,전세,201동,15/25,250000000,112.96,NONE,호반코너.84.남향.고층.시스템2대.주방팬트리.중문.작은방붙박이장,25.02.24,"['2년이내', '방세개', '화장실두개', '중층']",남향,7316273.45963173
경기도,화성시,비봉면,화성비봉호반써밋,전세,202동,5/25,250000000,112.96,NONE,풀옵션.시스템4대.전세대출.보증보험가능.현관창고.대형팬트리.안방드레스룸,25.02.22,"['2년이내', '대형평수', '방세개', '화장실두개']",남향,7316273.45963173
경기도,화성시,비봉면,화성비봉호반써밋,매매,202동,4/25,401980000,112.96,NONE,분양권전매.시스템에어컨4대.11자형주방.대형팬트리.현관창고.주방장식장 ,25.02.18,"['2년이내', '대형평수', '방세개', '화장실두개']",남향,11763982.421211049
경기도,화성시,비봉면,화성비봉호반써밋,월세,203동,22/25,"4,000/95",112.96,NONE,호반코너.84.귀한월세.시스템에어컨4대.개방감좋은트인뷰.11자형주방팬트리,25.02.13,"['2년이내', '방세개', '화장실두개', '고층']",남향,
경기도,화성시,비봉면,화성비봉호반써밋,전세,205동,22/25,220000000,96.75,NDOC1,"신축 첫입주, 냉.난방비 절감되는 남향, 공원 조망, 시스템 에어컨2대",25.02.28,"['2년이내', '방세개', '화장실두개', '고층']",남향,7517030.490956073
경기도,화성시,비봉면,화성비봉호반써밋,월세,207동,3/25,"5,000/90",96.75,NDOC1,"저층이지만 트인뷰랍니다. 방3, 중문, 작은방 붙박이장",25.02.25,"['2년이내', '방네개이상', '화장실두개', '세대당1대']",남동향,
경기도,화성시,비봉면,화성비봉호반써밋,매매,207동,3/25,341900000,96.75,NDOC1,"분양권 전매, 차분한 단지 정원 조망, 방3,",25.02.18,"['2년이내', '마당', '방세개', '화장실두개']",남동향,11682148.749354007
경기도,화성시,비봉면,화성비봉호반써밋,전세,207동,저/25,230000000,96.75,NDOC1,"에4,현관중문,붙박이장,뻥뷰로 햇빛조아요",25.02.24,"['2년이내', '융자금없는', '방세개', '화장실두개']",남향,7858713.69509044
경기도,화성시,비봉면,화성비봉호반써밋,월세,205동,4/25,"3,000/95",96.75,DOC,호반코너.76.중문.작은방붙박이장.주방팬트리.수인분당선야목역차로5분거리,25.02.12,"['2년이내', '방세개', '화장실두개', '세대당1대']",남서향,
경기도,화성시,비봉면,화성비봉호반써밋,월세,207동,15/25,"5,000/100",96.75,DOC,72A 남향 선호도 높은 층수 판상형구조,25.02.04,"['2년이내', '방네개이상', '화장실두개', '중층']",남향,
경기도,화성시,비봉면,화성비봉호반써밋,월세,207동,고/25,"5,000/100",96.75,DOC,에어컨3대 로얄층 전망 좋은 집 애완동물 가능,25.02.06,"['2년이내', '방세개', '화장실두개', '고층']",북동향,
경기도,화성시,비봉면,화성비봉호반써밋,월세,207동,5/25,"3,000/95",96.75,NONE,귀한월세.시에4대.안방드레스룸.주방팬트리.바닥타일.비데2대.신혼부부강추,25.03.02,"['2년이내', '방두개', '화장실두개', '세대당1대']",남향,
경기도,화성시,비봉면,화성비봉호반써밋,전세,207동,5/25,230000000,96.75,NONE,귀한72.융자무.전세대출가능.시에4대.바닥타일.안방드레스룸.주방팬트리,25.03.01,"['2년이내', '방두개', '화장실두개', '세대당1대']",남향,7858713.69509044
경기도,화성시,비봉면,화성비봉호반써밋,전세,205동,22/25,220000000,96.75,NONE,맨앞동고층트인뷰.저렴한전세.시스템에어컨2대.주방팬트리.중문.작은방붙박이장,25.02.28,"['2년이내', '방세개', '화장실두개', '고층']",남서향,7517030.490956073
경기도,화성시,비봉면,화성비봉호반써밋,매매,207동,저/25,341900000,96.75,NONE,,25.02.15,"['2년이내', '방네개이상', '화장실두개', '세대당1대']",남향,11682148.749354007
경기도,화성시,비봉면,화성비봉호반써밋,월세,205동,4/25,"3,000/95",96.75,NONE,호반코너.76.귀한월세.중문.작은방붙박이장.주방팬트리.신축첫입주,25.02.12,"['2년이내', '방네개이상', '화장실두개', '세대당1대']",남서향,
